name;folder;main_glacier;outlet_glacier;station_name;year;Yfirfarið
ICE-GAWS_HNA09_L1_2016.csv;C:\Users\andrigun\Dropbox\Verkefni\ICE-GAWS-Processing\data\hofsjokull\hofsjokull_Ã¾jorsarjokull_HNA09\L1;hofsjokull;Ã¾jorsarjokull;HNA09;2016;1
ICE-GAWS_HNA09_L1_2018.csv;C:\Users\andrigun\Dropbox\Verkefni\ICE-GAWS-Processing\data\hofsjokull\hofsjokull_Ã¾jorsarjokull_HNA09\L1;hofsjokull;Ã¾jorsarjokull;HNA09;2018;1
ICE-GAWS_HNA09_L1_2022.csv;C:\Users\andrigun\Dropbox\Verkefni\ICE-GAWS-Processing\data\hofsjokull\hofsjokull_Ã¾jorsarjokull_HNA09\L1;hofsjokull;Ã¾jorsarjokull;HNA09;2022;1
ICE-GAWS_HNA13_L1_2016.csv;C:\Users\andrigun\Dropbox\Verkefni\ICE-GAWS-Processing\data\hofsjokull\hofsjokull_Ã¾jorsarjokull_HNA13\L1;hofsjokull;Ã¾jorsarjokull;HNA13;2016;1
ICE-GAWS_HNA13_L1_2018.csv;C:\Users\andrigun\Dropbox\Verkefni\ICE-GAWS-Processing\data\hofsjokull\hofsjokull_Ã¾jorsarjokull_HNA13\L1;hofsjokull;Ã¾jorsarjokull;HNA13;2018;1
ICE-GAWS_L01_L1_2001.csv;C:\Users\andrigun\Dropbox\Verkefni\ICE-GAWS-Processing\data\langjokull\langjokull_hagafellsjokull_L01\L1;langjokull;hagafellsjokull;L01;2001;
ICE-GAWS_L01_L1_2002.csv;C:\Users\andrigun\Dropbox\Verkefni\ICE-GAWS-Processing\data\langjokull\langjokull_hagafellsjokull_L01\L1;langjokull;hagafellsjokull;L01;2002;
ICE-GAWS_L01_L1_2003.csv;C:\Users\andrigun\Dropbox\Verkefni\ICE-GAWS-Processing\data\langjokull\langjokull_hagafellsjokull_L01\L1;langjokull;hagafellsjokull;L01;2003;
ICE-GAWS_L01_L1_2004.csv;C:\Users\andrigun\Dropbox\Verkefni\ICE-GAWS-Processing\data\langjokull\langjokull_hagafellsjokull_L01\L1;langjokull;hagafellsjokull;L01;2004;
ICE-GAWS_L01_L1_2005.csv;C:\Users\andrigun\Dropbox\Verkefni\ICE-GAWS-Processing\data\langjokull\langjokull_hagafellsjokull_L01\L1;langjokull;hagafellsjokull;L01;2005;
ICE-GAWS_L01_L1_2006.csv;C:\Users\andrigun\Dropbox\Verkefni\ICE-GAWS-Processing\data\langjokull\langjokull_hagafellsjokull_L01\L1;langjokull;hagafellsjokull;L01;2006;
ICE-GAWS_L01_L1_2007.csv;C:\Users\andrigun\Dropbox\Verkefni\ICE-GAWS-Processing\data\langjokull\langjokull_hagafellsjokull_L01\L1;langjokull;hagafellsjokull;L01;2007;
ICE-GAWS_L01_L1_2008.csv;C:\Users\andrigun\Dropbox\Verkefni\ICE-GAWS-Processing\data\langjokull\langjokull_hagafellsjokull_L01\L1;langjokull;hagafellsjokull;L01;2008;
ICE-GAWS_L01_L1_2009.csv;C:\Users\andrigun\Dropbox\Verkefni\ICE-GAWS-Processing\data\langjokull\langjokull_hagafellsjokull_L01\L1;langjokull;hagafellsjokull;L01;2009;
ICE-GAWS_L01_L1_2010.csv;C:\Users\andrigun\Dropbox\Verkefni\ICE-GAWS-Processing\data\langjokull\langjokull_hagafellsjokull_L01\L1;langjokull;hagafellsjokull;L01;2010;
ICE-GAWS_L01_L1_2011.csv;C:\Users\andrigun\Dropbox\Verkefni\ICE-GAWS-Processing\data\langjokull\langjokull_hagafellsjokull_L01\L1;langjokull;hagafellsjokull;L01;2011;
ICE-GAWS_L01_L1_2012.csv;C:\Users\andrigun\Dropbox\Verkefni\ICE-GAWS-Processing\data\langjokull\langjokull_hagafellsjokull_L01\L1;langjokull;hagafellsjokull;L01;2012;
ICE-GAWS_L01_L1_2013.csv;C:\Users\andrigun\Dropbox\Verkefni\ICE-GAWS-Processing\data\langjokull\langjokull_hagafellsjokull_L01\L1;langjokull;hagafellsjokull;L01;2013;
ICE-GAWS_L01_L1_2014.csv;C:\Users\andrigun\Dropbox\Verkefni\ICE-GAWS-Processing\data\langjokull\langjokull_hagafellsjokull_L01\L1;langjokull;hagafellsjokull;L01;2014;
ICE-GAWS_L01_L1_2015.csv;C:\Users\andrigun\Dropbox\Verkefni\ICE-GAWS-Processing\data\langjokull\langjokull_hagafellsjokull_L01\L1;langjokull;hagafellsjokull;L01;2015;
ICE-GAWS_L05_L1_2001.csv;C:\Users\andrigun\Dropbox\Verkefni\ICE-GAWS-Processing\data\langjokull\langjokull_hagafellsjokull_L05\L1;langjokull;hagafellsjokull;L05;2001;
ICE-GAWS_L05_L1_2002.csv;C:\Users\andrigun\Dropbox\Verkefni\ICE-GAWS-Processing\data\langjokull\langjokull_hagafellsjokull_L05\L1;langjokull;hagafellsjokull;L05;2002;
ICE-GAWS_L05_L1_2003.csv;C:\Users\andrigun\Dropbox\Verkefni\ICE-GAWS-Processing\data\langjokull\langjokull_hagafellsjokull_L05\L1;langjokull;hagafellsjokull;L05;2003;
ICE-GAWS_L05_L1_2004.csv;C:\Users\andrigun\Dropbox\Verkefni\ICE-GAWS-Processing\data\langjokull\langjokull_hagafellsjokull_L05\L1;langjokull;hagafellsjokull;L05;2004;
ICE-GAWS_L05_L1_2005.csv;C:\Users\andrigun\Dropbox\Verkefni\ICE-GAWS-Processing\data\langjokull\langjokull_hagafellsjokull_L05\L1;langjokull;hagafellsjokull;L05;2005;
ICE-GAWS_L05_L1_2006.csv;C:\Users\andrigun\Dropbox\Verkefni\ICE-GAWS-Processing\data\langjokull\langjokull_hagafellsjokull_L05\L1;langjokull;hagafellsjokull;L05;2006;
ICE-GAWS_L05_L1_2007.csv;C:\Users\andrigun\Dropbox\Verkefni\ICE-GAWS-Processing\data\langjokull\langjokull_hagafellsjokull_L05\L1;langjokull;hagafellsjokull;L05;2007;
ICE-GAWS_L05_L1_2008.csv;C:\Users\andrigun\Dropbox\Verkefni\ICE-GAWS-Processing\data\langjokull\langjokull_hagafellsjokull_L05\L1;langjokull;hagafellsjokull;L05;2008;
ICE-GAWS_L05_L1_2009.csv;C:\Users\andrigun\Dropbox\Verkefni\ICE-GAWS-Processing\data\langjokull\langjokull_hagafellsjokull_L05\L1;langjokull;hagafellsjokull;L05;2009;
ICE-GAWS_L05_L1_2010.csv;C:\Users\andrigun\Dropbox\Verkefni\ICE-GAWS-Processing\data\langjokull\langjokull_hagafellsjokull_L05\L1;langjokull;hagafellsjokull;L05;2010;
ICE-GAWS_L05_L1_2011.csv;C:\Users\andrigun\Dropbox\Verkefni\ICE-GAWS-Processing\data\langjokull\langjokull_hagafellsjokull_L05\L1;langjokull;hagafellsjokull;L05;2011;
ICE-GAWS_L05_L1_2012.csv;C:\Users\andrigun\Dropbox\Verkefni\ICE-GAWS-Processing\data\langjokull\langjokull_hagafellsjokull_L05\L1;langjokull;hagafellsjokull;L05;2012;
ICE-GAWS_L05_L1_2013.csv;C:\Users\andrigun\Dropbox\Verkefni\ICE-GAWS-Processing\data\langjokull\langjokull_hagafellsjokull_L05\L1;langjokull;hagafellsjokull;L05;2013;
ICE-GAWS_L05_L1_2014.csv;C:\Users\andrigun\Dropbox\Verkefni\ICE-GAWS-Processing\data\langjokull\langjokull_hagafellsjokull_L05\L1;langjokull;hagafellsjokull;L05;2014;
ICE-GAWS_L05_L1_2015.csv;C:\Users\andrigun\Dropbox\Verkefni\ICE-GAWS-Processing\data\langjokull\langjokull_hagafellsjokull_L05\L1;langjokull;hagafellsjokull;L05;2015;
ICE-GAWS_L05_L1_2016.csv;C:\Users\andrigun\Dropbox\Verkefni\ICE-GAWS-Processing\data\langjokull\langjokull_hagafellsjokull_L05\L1;langjokull;hagafellsjokull;L05;2016;
ICE-GAWS_L05_L1_2017.csv;C:\Users\andrigun\Dropbox\Verkefni\ICE-GAWS-Processing\data\langjokull\langjokull_hagafellsjokull_L05\L1;langjokull;hagafellsjokull;L05;2017;
ICE-GAWS_L05_L1_2018.csv;C:\Users\andrigun\Dropbox\Verkefni\ICE-GAWS-Processing\data\langjokull\langjokull_hagafellsjokull_L05\L1;langjokull;hagafellsjokull;L05;2018;
ICE-GAWS_MyrA_L1_2015.csv;C:\Users\andrigun\Dropbox\Verkefni\ICE-GAWS-Processing\data\myrdalsjokull\myrdalsjokull_MyrA\L1;myrdalsjokull;myrdalsjokull;MyrA;2015;
ICE-GAWS_MyrA_L1_2016.csv;C:\Users\andrigun\Dropbox\Verkefni\ICE-GAWS-Processing\data\myrdalsjokull\myrdalsjokull_MyrA\L1;myrdalsjokull;myrdalsjokull;MyrA;2016;
ICE-GAWS_MyrA_L1_2017.csv;C:\Users\andrigun\Dropbox\Verkefni\ICE-GAWS-Processing\data\myrdalsjokull\myrdalsjokull_MyrA\L1;myrdalsjokull;myrdalsjokull;MyrA;2017;
ICE-GAWS_MyrA_L1_2018.csv;C:\Users\andrigun\Dropbox\Verkefni\ICE-GAWS-Processing\data\myrdalsjokull\myrdalsjokull_MyrA\L1;myrdalsjokull;myrdalsjokull;MyrA;2018;
ICE-GAWS_B10_L1_1996.csv;C:\Users\andrigun\Dropbox\Verkefni\ICE-GAWS-Processing\data\vatnajokull\vatnajokull_Bruarjokull_B10\L1;vatnajokull;Bruarjokull;B10;1996;1
ICE-GAWS_B10_L1_2001.csv;C:\Users\andrigun\Dropbox\Verkefni\ICE-GAWS-Processing\data\vatnajokull\vatnajokull_Bruarjokull_B10\L1;vatnajokull;Bruarjokull;B10;2001;1
ICE-GAWS_B10_L1_2002.csv;C:\Users\andrigun\Dropbox\Verkefni\ICE-GAWS-Processing\data\vatnajokull\vatnajokull_Bruarjokull_B10\L1;vatnajokull;Bruarjokull;B10;2002;1
ICE-GAWS_B10_L1_2003.csv;C:\Users\andrigun\Dropbox\Verkefni\ICE-GAWS-Processing\data\vatnajokull\vatnajokull_Bruarjokull_B10\L1;vatnajokull;Bruarjokull;B10;2003;1
ICE-GAWS_B10_L1_2004.csv;C:\Users\andrigun\Dropbox\Verkefni\ICE-GAWS-Processing\data\vatnajokull\vatnajokull_Bruarjokull_B10\L1;vatnajokull;Bruarjokull;B10;2004;1
ICE-GAWS_B10_L1_2005.csv;C:\Users\andrigun\Dropbox\Verkefni\ICE-GAWS-Processing\data\vatnajokull\vatnajokull_Bruarjokull_B10\L1;vatnajokull;Bruarjokull;B10;2005;1
ICE-GAWS_B10_L1_2006.csv;C:\Users\andrigun\Dropbox\Verkefni\ICE-GAWS-Processing\data\vatnajokull\vatnajokull_Bruarjokull_B10\L1;vatnajokull;Bruarjokull;B10;2006;1
ICE-GAWS_B10_L1_2007.csv;C:\Users\andrigun\Dropbox\Verkefni\ICE-GAWS-Processing\data\vatnajokull\vatnajokull_Bruarjokull_B10\L1;vatnajokull;Bruarjokull;B10;2007;1
ICE-GAWS_B10_L1_2008.csv;C:\Users\andrigun\Dropbox\Verkefni\ICE-GAWS-Processing\data\vatnajokull\vatnajokull_Bruarjokull_B10\L1;vatnajokull;Bruarjokull;B10;2008;1
ICE-GAWS_B10_L1_2009.csv;C:\Users\andrigun\Dropbox\Verkefni\ICE-GAWS-Processing\data\vatnajokull\vatnajokull_Bruarjokull_B10\L1;vatnajokull;Bruarjokull;B10;2009;1
ICE-GAWS_B10_L1_2010.csv;C:\Users\andrigun\Dropbox\Verkefni\ICE-GAWS-Processing\data\vatnajokull\vatnajokull_Bruarjokull_B10\L1;vatnajokull;Bruarjokull;B10;2010;1
ICE-GAWS_B10_L1_2011.csv;C:\Users\andrigun\Dropbox\Verkefni\ICE-GAWS-Processing\data\vatnajokull\vatnajokull_Bruarjokull_B10\L1;vatnajokull;Bruarjokull;B10;2011;1
ICE-GAWS_B10_L1_2012.csv;C:\Users\andrigun\Dropbox\Verkefni\ICE-GAWS-Processing\data\vatnajokull\vatnajokull_Bruarjokull_B10\L1;vatnajokull;Bruarjokull;B10;2012;1
ICE-GAWS_B10_L1_2013.csv;C:\Users\andrigun\Dropbox\Verkefni\ICE-GAWS-Processing\data\vatnajokull\vatnajokull_Bruarjokull_B10\L1;vatnajokull;Bruarjokull;B10;2013;1
ICE-GAWS_B10_L1_2014.csv;C:\Users\andrigun\Dropbox\Verkefni\ICE-GAWS-Processing\data\vatnajokull\vatnajokull_Bruarjokull_B10\L1;vatnajokull;Bruarjokull;B10;2014;1
ICE-GAWS_B10_L1_2015.csv;C:\Users\andrigun\Dropbox\Verkefni\ICE-GAWS-Processing\data\vatnajokull\vatnajokull_Bruarjokull_B10\L1;vatnajokull;Bruarjokull;B10;2015;1
ICE-GAWS_B10_L1_2016.csv;C:\Users\andrigun\Dropbox\Verkefni\ICE-GAWS-Processing\data\vatnajokull\vatnajokull_Bruarjokull_B10\L1;vatnajokull;Bruarjokull;B10;2016;1
ICE-GAWS_B10_L1_2017.csv;C:\Users\andrigun\Dropbox\Verkefni\ICE-GAWS-Processing\data\vatnajokull\vatnajokull_Bruarjokull_B10\L1;vatnajokull;Bruarjokull;B10;2017;1
ICE-GAWS_B10_L1_2018.csv;C:\Users\andrigun\Dropbox\Verkefni\ICE-GAWS-Processing\data\vatnajokull\vatnajokull_Bruarjokull_B10\L1;vatnajokull;Bruarjokull;B10;2018;1
ICE-GAWS_B10_L1_2019.csv;C:\Users\andrigun\Dropbox\Verkefni\ICE-GAWS-Processing\data\vatnajokull\vatnajokull_Bruarjokull_B10\L1;vatnajokull;Bruarjokull;B10;2019;1
ICE-GAWS_B10_L1_2020.csv;C:\Users\andrigun\Dropbox\Verkefni\ICE-GAWS-Processing\data\vatnajokull\vatnajokull_Bruarjokull_B10\L1;vatnajokull;Bruarjokull;B10;2020;1
ICE-GAWS_B10_L1_2021.csv;C:\Users\andrigun\Dropbox\Verkefni\ICE-GAWS-Processing\data\vatnajokull\vatnajokull_Bruarjokull_B10\L1;vatnajokull;Bruarjokull;B10;2021;1
ICE-GAWS_B10_L1_2022.csv;C:\Users\andrigun\Dropbox\Verkefni\ICE-GAWS-Processing\data\vatnajokull\vatnajokull_Bruarjokull_B10\L1;vatnajokull;Bruarjokull;B10;2022;1
ICE-GAWS_B13_L1_1994.csv;C:\Users\andrigun\Dropbox\Verkefni\ICE-GAWS-Processing\data\vatnajokull\vatnajokull_Bruarjokull_B13\L1;vatnajokull;Bruarjokull;B13;1994;1
ICE-GAWS_B13_L1_1995.csv;C:\Users\andrigun\Dropbox\Verkefni\ICE-GAWS-Processing\data\vatnajokull\vatnajokull_Bruarjokull_B13\L1;vatnajokull;Bruarjokull;B13;1995;1
ICE-GAWS_B13_L1_1997.csv;C:\Users\andrigun\Dropbox\Verkefni\ICE-GAWS-Processing\data\vatnajokull\vatnajokull_Bruarjokull_B13\L1;vatnajokull;Bruarjokull;B13;1997;1
ICE-GAWS_B13_L1_1998.csv;C:\Users\andrigun\Dropbox\Verkefni\ICE-GAWS-Processing\data\vatnajokull\vatnajokull_Bruarjokull_B13\L1;vatnajokull;Bruarjokull;B13;1998;1
ICE-GAWS_B13_L1_1999.csv;C:\Users\andrigun\Dropbox\Verkefni\ICE-GAWS-Processing\data\vatnajokull\vatnajokull_Bruarjokull_B13\L1;vatnajokull;Bruarjokull;B13;1999;1
ICE-GAWS_B13_L1_2000.csv;C:\Users\andrigun\Dropbox\Verkefni\ICE-GAWS-Processing\data\vatnajokull\vatnajokull_Bruarjokull_B13\L1;vatnajokull;Bruarjokull;B13;2000;1
ICE-GAWS_B13_L1_2001.csv;C:\Users\andrigun\Dropbox\Verkefni\ICE-GAWS-Processing\data\vatnajokull\vatnajokull_Bruarjokull_B13\L1;vatnajokull;Bruarjokull;B13;2001;1
ICE-GAWS_B13_L1_2002.csv;C:\Users\andrigun\Dropbox\Verkefni\ICE-GAWS-Processing\data\vatnajokull\vatnajokull_Bruarjokull_B13\L1;vatnajokull;Bruarjokull;B13;2002;1
ICE-GAWS_B13_L1_2003.csv;C:\Users\andrigun\Dropbox\Verkefni\ICE-GAWS-Processing\data\vatnajokull\vatnajokull_Bruarjokull_B13\L1;vatnajokull;Bruarjokull;B13;2003;1
ICE-GAWS_B13_L1_2004.csv;C:\Users\andrigun\Dropbox\Verkefni\ICE-GAWS-Processing\data\vatnajokull\vatnajokull_Bruarjokull_B13\L1;vatnajokull;Bruarjokull;B13;2004;1
ICE-GAWS_B13_L1_2005.csv;C:\Users\andrigun\Dropbox\Verkefni\ICE-GAWS-Processing\data\vatnajokull\vatnajokull_Bruarjokull_B13\L1;vatnajokull;Bruarjokull;B13;2005;1
ICE-GAWS_B13_L1_2006.csv;C:\Users\andrigun\Dropbox\Verkefni\ICE-GAWS-Processing\data\vatnajokull\vatnajokull_Bruarjokull_B13\L1;vatnajokull;Bruarjokull;B13;2006;1
ICE-GAWS_B13_L1_2007.csv;C:\Users\andrigun\Dropbox\Verkefni\ICE-GAWS-Processing\data\vatnajokull\vatnajokull_Bruarjokull_B13\L1;vatnajokull;Bruarjokull;B13;2007;1
ICE-GAWS_B13_L1_2008.csv;C:\Users\andrigun\Dropbox\Verkefni\ICE-GAWS-Processing\data\vatnajokull\vatnajokull_Bruarjokull_B13\L1;vatnajokull;Bruarjokull;B13;2008;1
ICE-GAWS_B13_L1_2009.csv;C:\Users\andrigun\Dropbox\Verkefni\ICE-GAWS-Processing\data\vatnajokull\vatnajokull_Bruarjokull_B13\L1;vatnajokull;Bruarjokull;B13;2009;1
ICE-GAWS_B13_L1_2010.csv;C:\Users\andrigun\Dropbox\Verkefni\ICE-GAWS-Processing\data\vatnajokull\vatnajokull_Bruarjokull_B13\L1;vatnajokull;Bruarjokull;B13;2010;1
ICE-GAWS_B13_L1_2011.csv;C:\Users\andrigun\Dropbox\Verkefni\ICE-GAWS-Processing\data\vatnajokull\vatnajokull_Bruarjokull_B13\L1;vatnajokull;Bruarjokull;B13;2011;1
ICE-GAWS_B13_L1_2012.csv;C:\Users\andrigun\Dropbox\Verkefni\ICE-GAWS-Processing\data\vatnajokull\vatnajokull_Bruarjokull_B13\L1;vatnajokull;Bruarjokull;B13;2012;1
ICE-GAWS_B13_L1_2013.csv;C:\Users\andrigun\Dropbox\Verkefni\ICE-GAWS-Processing\data\vatnajokull\vatnajokull_Bruarjokull_B13\L1;vatnajokull;Bruarjokull;B13;2013;1
ICE-GAWS_B13_L1_2014.csv;C:\Users\andrigun\Dropbox\Verkefni\ICE-GAWS-Processing\data\vatnajokull\vatnajokull_Bruarjokull_B13\L1;vatnajokull;Bruarjokull;B13;2014;1
ICE-GAWS_B13_L1_2015.csv;C:\Users\andrigun\Dropbox\Verkefni\ICE-GAWS-Processing\data\vatnajokull\vatnajokull_Bruarjokull_B13\L1;vatnajokull;Bruarjokull;B13;2015;1
ICE-GAWS_B13_L1_2016.csv;C:\Users\andrigun\Dropbox\Verkefni\ICE-GAWS-Processing\data\vatnajokull\vatnajokull_Bruarjokull_B13\L1;vatnajokull;Bruarjokull;B13;2016;1
ICE-GAWS_B13_L1_2017.csv;C:\Users\andrigun\Dropbox\Verkefni\ICE-GAWS-Processing\data\vatnajokull\vatnajokull_Bruarjokull_B13\L1;vatnajokull;Bruarjokull;B13;2017;1
ICE-GAWS_B13_L1_2018.csv;C:\Users\andrigun\Dropbox\Verkefni\ICE-GAWS-Processing\data\vatnajokull\vatnajokull_Bruarjokull_B13\L1;vatnajokull;Bruarjokull;B13;2018;1
ICE-GAWS_B13_L1_2019.csv;C:\Users\andrigun\Dropbox\Verkefni\ICE-GAWS-Processing\data\vatnajokull\vatnajokull_Bruarjokull_B13\L1;vatnajokull;Bruarjokull;B13;2019;1
ICE-GAWS_B13_L1_2020.csv;C:\Users\andrigun\Dropbox\Verkefni\ICE-GAWS-Processing\data\vatnajokull\vatnajokull_Bruarjokull_B13\L1;vatnajokull;Bruarjokull;B13;2020;1
ICE-GAWS_B13_L1_2021.csv;C:\Users\andrigun\Dropbox\Verkefni\ICE-GAWS-Processing\data\vatnajokull\vatnajokull_Bruarjokull_B13\L1;vatnajokull;Bruarjokull;B13;2021;1
ICE-GAWS_B13_L1_2022.csv;C:\Users\andrigun\Dropbox\Verkefni\ICE-GAWS-Processing\data\vatnajokull\vatnajokull_Bruarjokull_B13\L1;vatnajokull;Bruarjokull;B13;2022;1
ICE-GAWS_B13_L1_2019.csv;C:\Users\andrigun\Dropbox\Verkefni\ICE-GAWS-Processing\data\vatnajokull\vatnajokull_Bruarjokull_B16\L1;vatnajokull;Bruarjokull;B16;2019;1
ICE-GAWS_B13_L1_2020.csv;C:\Users\andrigun\Dropbox\Verkefni\ICE-GAWS-Processing\data\vatnajokull\vatnajokull_Bruarjokull_B16\L1;vatnajokull;Bruarjokull;B16;2020;1
ICE-GAWS_B13_L1_2021.csv;C:\Users\andrigun\Dropbox\Verkefni\ICE-GAWS-Processing\data\vatnajokull\vatnajokull_Bruarjokull_B16\L1;vatnajokull;Bruarjokull;B16;2021;1
ICE-GAWS_B16_L1_2001.csv;C:\Users\andrigun\Dropbox\Verkefni\ICE-GAWS-Processing\data\vatnajokull\vatnajokull_Bruarjokull_B16\L1;vatnajokull;Bruarjokull;B16;2001;1
ICE-GAWS_B16_L1_2002.csv;C:\Users\andrigun\Dropbox\Verkefni\ICE-GAWS-Processing\data\vatnajokull\vatnajokull_Bruarjokull_B16\L1;vatnajokull;Bruarjokull;B16;2002;1
ICE-GAWS_B16_L1_2003.csv;C:\Users\andrigun\Dropbox\Verkefni\ICE-GAWS-Processing\data\vatnajokull\vatnajokull_Bruarjokull_B16\L1;vatnajokull;Bruarjokull;B16;2003;1
ICE-GAWS_B16_L1_2004.csv;C:\Users\andrigun\Dropbox\Verkefni\ICE-GAWS-Processing\data\vatnajokull\vatnajokull_Bruarjokull_B16\L1;vatnajokull;Bruarjokull;B16;2004;1
ICE-GAWS_B16_L1_2005.csv;C:\Users\andrigun\Dropbox\Verkefni\ICE-GAWS-Processing\data\vatnajokull\vatnajokull_Bruarjokull_B16\L1;vatnajokull;Bruarjokull;B16;2005;1
ICE-GAWS_B16_L1_2006.csv;C:\Users\andrigun\Dropbox\Verkefni\ICE-GAWS-Processing\data\vatnajokull\vatnajokull_Bruarjokull_B16\L1;vatnajokull;Bruarjokull;B16;2006;1
ICE-GAWS_B16_L1_2007.csv;C:\Users\andrigun\Dropbox\Verkefni\ICE-GAWS-Processing\data\vatnajokull\vatnajokull_Bruarjokull_B16\L1;vatnajokull;Bruarjokull;B16;2007;1
ICE-GAWS_B16_L1_2008.csv;C:\Users\andrigun\Dropbox\Verkefni\ICE-GAWS-Processing\data\vatnajokull\vatnajokull_Bruarjokull_B16\L1;vatnajokull;Bruarjokull;B16;2008;1
ICE-GAWS_B16_L1_2009.csv;C:\Users\andrigun\Dropbox\Verkefni\ICE-GAWS-Processing\data\vatnajokull\vatnajokull_Bruarjokull_B16\L1;vatnajokull;Bruarjokull;B16;2009;1
ICE-GAWS_B16_L1_2010.csv;C:\Users\andrigun\Dropbox\Verkefni\ICE-GAWS-Processing\data\vatnajokull\vatnajokull_Bruarjokull_B16\L1;vatnajokull;Bruarjokull;B16;2010;1
ICE-GAWS_B16_L1_2011.csv;C:\Users\andrigun\Dropbox\Verkefni\ICE-GAWS-Processing\data\vatnajokull\vatnajokull_Bruarjokull_B16\L1;vatnajokull;Bruarjokull;B16;2011;1
ICE-GAWS_B16_L1_2012.csv;C:\Users\andrigun\Dropbox\Verkefni\ICE-GAWS-Processing\data\vatnajokull\vatnajokull_Bruarjokull_B16\L1;vatnajokull;Bruarjokull;B16;2012;1
ICE-GAWS_B16_L1_2013.csv;C:\Users\andrigun\Dropbox\Verkefni\ICE-GAWS-Processing\data\vatnajokull\vatnajokull_Bruarjokull_B16\L1;vatnajokull;Bruarjokull;B16;2013;1
ICE-GAWS_B16_L1_2014.csv;C:\Users\andrigun\Dropbox\Verkefni\ICE-GAWS-Processing\data\vatnajokull\vatnajokull_Bruarjokull_B16\L1;vatnajokull;Bruarjokull;B16;2014;1
ICE-GAWS_B16_L1_2015.csv;C:\Users\andrigun\Dropbox\Verkefni\ICE-GAWS-Processing\data\vatnajokull\vatnajokull_Bruarjokull_B16\L1;vatnajokull;Bruarjokull;B16;2015;1
ICE-GAWS_B16_L1_2016.csv;C:\Users\andrigun\Dropbox\Verkefni\ICE-GAWS-Processing\data\vatnajokull\vatnajokull_Bruarjokull_B16\L1;vatnajokull;Bruarjokull;B16;2016;1
ICE-GAWS_B16_L1_2017.csv;C:\Users\andrigun\Dropbox\Verkefni\ICE-GAWS-Processing\data\vatnajokull\vatnajokull_Bruarjokull_B16\L1;vatnajokull;Bruarjokull;B16;2017;1
ICE-GAWS_B16_L1_2018.csv;C:\Users\andrigun\Dropbox\Verkefni\ICE-GAWS-Processing\data\vatnajokull\vatnajokull_Bruarjokull_B16\L1;vatnajokull;Bruarjokull;B16;2018;1
ICE-GAWS_B16_L1_2019.csv;C:\Users\andrigun\Dropbox\Verkefni\ICE-GAWS-Processing\data\vatnajokull\vatnajokull_Bruarjokull_B16\L1;vatnajokull;Bruarjokull;B16;2019;1
ICE-GAWS_B16_L1_2020.csv;C:\Users\andrigun\Dropbox\Verkefni\ICE-GAWS-Processing\data\vatnajokull\vatnajokull_Bruarjokull_B16\L1;vatnajokull;Bruarjokull;B16;2020;1
ICE-GAWS_B16_L1_2021.csv;C:\Users\andrigun\Dropbox\Verkefni\ICE-GAWS-Processing\data\vatnajokull\vatnajokull_Bruarjokull_B16\L1;vatnajokull;Bruarjokull;B16;2021;1
ICE-GAWS_B16_L1_2022.csv;C:\Users\andrigun\Dropbox\Verkefni\ICE-GAWS-Processing\data\vatnajokull\vatnajokull_Bruarjokull_B16\L1;vatnajokull;Bruarjokull;B16;2022;1
ICE-GAWS_Gf_L1_1995.csv;C:\Users\andrigun\Dropbox\Verkefni\ICE-GAWS-Processing\data\vatnajokull\vatnajokull_Grimsfjall_Gf\L1;vatnajokull;Grimsfjall;Gf;1995;
ICE-GAWS_Gf_L1_1996.csv;C:\Users\andrigun\Dropbox\Verkefni\ICE-GAWS-Processing\data\vatnajokull\vatnajokull_Grimsfjall_Gf\L1;vatnajokull;Grimsfjall;Gf;1996;
ICE-GAWS_Gf_L1_1999.csv;C:\Users\andrigun\Dropbox\Verkefni\ICE-GAWS-Processing\data\vatnajokull\vatnajokull_Grimsfjall_Gf\L1;vatnajokull;Grimsfjall;Gf;1999;
ICE-GAWS_Gf_L1_2000.csv;C:\Users\andrigun\Dropbox\Verkefni\ICE-GAWS-Processing\data\vatnajokull\vatnajokull_Grimsfjall_Gf\L1;vatnajokull;Grimsfjall;Gf;2000;
ICE-GAWS_Gf_L1_2001.csv;C:\Users\andrigun\Dropbox\Verkefni\ICE-GAWS-Processing\data\vatnajokull\vatnajokull_Grimsfjall_Gf\L1;vatnajokull;Grimsfjall;Gf;2001;
ICE-GAWS_Gf_L1_2002.csv;C:\Users\andrigun\Dropbox\Verkefni\ICE-GAWS-Processing\data\vatnajokull\vatnajokull_Grimsfjall_Gf\L1;vatnajokull;Grimsfjall;Gf;2002;
ICE-GAWS_Gf_L1_2003.csv;C:\Users\andrigun\Dropbox\Verkefni\ICE-GAWS-Processing\data\vatnajokull\vatnajokull_Grimsfjall_Gf\L1;vatnajokull;Grimsfjall;Gf;2003;
ICE-GAWS_Gf_L1_2004.csv;C:\Users\andrigun\Dropbox\Verkefni\ICE-GAWS-Processing\data\vatnajokull\vatnajokull_Grimsfjall_Gf\L1;vatnajokull;Grimsfjall;Gf;2004;
ICE-GAWS_Gf_L1_2005.csv;C:\Users\andrigun\Dropbox\Verkefni\ICE-GAWS-Processing\data\vatnajokull\vatnajokull_Grimsfjall_Gf\L1;vatnajokull;Grimsfjall;Gf;2005;
ICE-GAWS_Gf_L1_2006.csv;C:\Users\andrigun\Dropbox\Verkefni\ICE-GAWS-Processing\data\vatnajokull\vatnajokull_Grimsfjall_Gf\L1;vatnajokull;Grimsfjall;Gf;2006;
ICE-GAWS_Gf_L1_2007.csv;C:\Users\andrigun\Dropbox\Verkefni\ICE-GAWS-Processing\data\vatnajokull\vatnajokull_Grimsfjall_Gf\L1;vatnajokull;Grimsfjall;Gf;2007;
ICE-GAWS_Gf_L1_2008.csv;C:\Users\andrigun\Dropbox\Verkefni\ICE-GAWS-Processing\data\vatnajokull\vatnajokull_Grimsfjall_Gf\L1;vatnajokull;Grimsfjall;Gf;2008;
ICE-GAWS_Gf_L1_2009.csv;C:\Users\andrigun\Dropbox\Verkefni\ICE-GAWS-Processing\data\vatnajokull\vatnajokull_Grimsfjall_Gf\L1;vatnajokull;Grimsfjall;Gf;2009;
ICE-GAWS_Gf_L1_2010.csv;C:\Users\andrigun\Dropbox\Verkefni\ICE-GAWS-Processing\data\vatnajokull\vatnajokull_Grimsfjall_Gf\L1;vatnajokull;Grimsfjall;Gf;2010;
ICE-GAWS_Gf_L1_2011.csv;C:\Users\andrigun\Dropbox\Verkefni\ICE-GAWS-Processing\data\vatnajokull\vatnajokull_Grimsfjall_Gf\L1;vatnajokull;Grimsfjall;Gf;2011;
ICE-GAWS_Gf_L1_2012.csv;C:\Users\andrigun\Dropbox\Verkefni\ICE-GAWS-Processing\data\vatnajokull\vatnajokull_Grimsfjall_Gf\L1;vatnajokull;Grimsfjall;Gf;2012;
ICE-GAWS_Gf_L1_2013.csv;C:\Users\andrigun\Dropbox\Verkefni\ICE-GAWS-Processing\data\vatnajokull\vatnajokull_Grimsfjall_Gf\L1;vatnajokull;Grimsfjall;Gf;2013;
ICE-GAWS_Gf_L1_2014.csv;C:\Users\andrigun\Dropbox\Verkefni\ICE-GAWS-Processing\data\vatnajokull\vatnajokull_Grimsfjall_Gf\L1;vatnajokull;Grimsfjall;Gf;2014;
ICE-GAWS_Gf_L1_2015.csv;C:\Users\andrigun\Dropbox\Verkefni\ICE-GAWS-Processing\data\vatnajokull\vatnajokull_Grimsfjall_Gf\L1;vatnajokull;Grimsfjall;Gf;2015;
ICE-GAWS_Gf_L1_2016.csv;C:\Users\andrigun\Dropbox\Verkefni\ICE-GAWS-Processing\data\vatnajokull\vatnajokull_Grimsfjall_Gf\L1;vatnajokull;Grimsfjall;Gf;2016;
ICE-GAWS_Gf_L1_2017.csv;C:\Users\andrigun\Dropbox\Verkefni\ICE-GAWS-Processing\data\vatnajokull\vatnajokull_Grimsfjall_Gf\L1;vatnajokull;Grimsfjall;Gf;2017;
ICE-GAWS_Gf_L1_2018.csv;C:\Users\andrigun\Dropbox\Verkefni\ICE-GAWS-Processing\data\vatnajokull\vatnajokull_Grimsfjall_Gf\L1;vatnajokull;Grimsfjall;Gf;2018;
ICE-GAWS_Gv_vh_L1_2003.csv;C:\Users\andrigun\Dropbox\Verkefni\ICE-GAWS-Processing\data\vatnajokull\vatnajokull_Grimsvotn_Gv_vh\L1;vatnajokull;vatnajokull;Grimsvotn;2003;
ICE-GAWS_Gv_vh_L1_2004.csv;C:\Users\andrigun\Dropbox\Verkefni\ICE-GAWS-Processing\data\vatnajokull\vatnajokull_Grimsvotn_Gv_vh\L1;vatnajokull;vatnajokull;Grimsvotn;2004;
ICE-GAWS_Gv_vh_L1_2005.csv;C:\Users\andrigun\Dropbox\Verkefni\ICE-GAWS-Processing\data\vatnajokull\vatnajokull_Grimsvotn_Gv_vh\L1;vatnajokull;vatnajokull;Grimsvotn;2005;
ICE-GAWS_Gv_vh_L1_2006.csv;C:\Users\andrigun\Dropbox\Verkefni\ICE-GAWS-Processing\data\vatnajokull\vatnajokull_Grimsvotn_Gv_vh\L1;vatnajokull;vatnajokull;Grimsvotn;2006;
ICE-GAWS_Gv_vh_L1_2007.csv;C:\Users\andrigun\Dropbox\Verkefni\ICE-GAWS-Processing\data\vatnajokull\vatnajokull_Grimsvotn_Gv_vh\L1;vatnajokull;vatnajokull;Grimsvotn;2007;
ICE-GAWS_Gv_vh_L1_2008.csv;C:\Users\andrigun\Dropbox\Verkefni\ICE-GAWS-Processing\data\vatnajokull\vatnajokull_Grimsvotn_Gv_vh\L1;vatnajokull;vatnajokull;Grimsvotn;2008;
ICE-GAWS_Gv_vh_L1_2009.csv;C:\Users\andrigun\Dropbox\Verkefni\ICE-GAWS-Processing\data\vatnajokull\vatnajokull_Grimsvotn_Gv_vh\L1;vatnajokull;vatnajokull;Grimsvotn;2009;
ICE-GAWS_Gv_vh_L1_2010.csv;C:\Users\andrigun\Dropbox\Verkefni\ICE-GAWS-Processing\data\vatnajokull\vatnajokull_Grimsvotn_Gv_vh\L1;vatnajokull;vatnajokull;Grimsvotn;2010;
ICE-GAWS_Gv_vh_L1_2011.csv;C:\Users\andrigun\Dropbox\Verkefni\ICE-GAWS-Processing\data\vatnajokull\vatnajokull_Grimsvotn_Gv_vh\L1;vatnajokull;vatnajokull;Grimsvotn;2011;
ICE-GAWS_Gv_vh_L1_2012.csv;C:\Users\andrigun\Dropbox\Verkefni\ICE-GAWS-Processing\data\vatnajokull\vatnajokull_Grimsvotn_Gv_vh\L1;vatnajokull;vatnajokull;Grimsvotn;2012;
ICE-GAWS_Gv_vh_L1_2013.csv;C:\Users\andrigun\Dropbox\Verkefni\ICE-GAWS-Processing\data\vatnajokull\vatnajokull_Grimsvotn_Gv_vh\L1;vatnajokull;vatnajokull;Grimsvotn;2013;
ICE-GAWS_Gv_vh_L1_2014.csv;C:\Users\andrigun\Dropbox\Verkefni\ICE-GAWS-Processing\data\vatnajokull\vatnajokull_Grimsvotn_Gv_vh\L1;vatnajokull;vatnajokull;Grimsvotn;2014;
ICE-GAWS_Gv_vh_L1_2015.csv;C:\Users\andrigun\Dropbox\Verkefni\ICE-GAWS-Processing\data\vatnajokull\vatnajokull_Grimsvotn_Gv_vh\L1;vatnajokull;vatnajokull;Grimsvotn;2015;
ICE-GAWS_Gv_vh_L1_2016.csv;C:\Users\andrigun\Dropbox\Verkefni\ICE-GAWS-Processing\data\vatnajokull\vatnajokull_Grimsvotn_Gv_vh\L1;vatnajokull;vatnajokull;Grimsvotn;2016;
ICE-GAWS_Gv_vh_L1_2017.csv;C:\Users\andrigun\Dropbox\Verkefni\ICE-GAWS-Processing\data\vatnajokull\vatnajokull_Grimsvotn_Gv_vh\L1;vatnajokull;vatnajokull;Grimsvotn;2017;
ICE-GAWS_Gv_vh_L1_2018.csv;C:\Users\andrigun\Dropbox\Verkefni\ICE-GAWS-Processing\data\vatnajokull\vatnajokull_Grimsvotn_Gv_vh\L1;vatnajokull;vatnajokull;Grimsvotn;2018;
ICE-GAWS_Hoff_L1_2002.csv;C:\Users\andrigun\Dropbox\Verkefni\ICE-GAWS-Processing\data\vatnajokull\vatnajokull_Hoffelsjokull_Hoff\L1;vatnajokull;Hoffelsjokull;Hoff;2002;
ICE-GAWS_Hoff_L1_2003.csv;C:\Users\andrigun\Dropbox\Verkefni\ICE-GAWS-Processing\data\vatnajokull\vatnajokull_Hoffelsjokull_Hoff\L1;vatnajokull;Hoffelsjokull;Hoff;2003;
ICE-GAWS_Hoff_L1_2004.csv;C:\Users\andrigun\Dropbox\Verkefni\ICE-GAWS-Processing\data\vatnajokull\vatnajokull_Hoffelsjokull_Hoff\L1;vatnajokull;Hoffelsjokull;Hoff;2004;
ICE-GAWS_Hoff_L1_2005.csv;C:\Users\andrigun\Dropbox\Verkefni\ICE-GAWS-Processing\data\vatnajokull\vatnajokull_Hoffelsjokull_Hoff\L1;vatnajokull;Hoffelsjokull;Hoff;2005;
ICE-GAWS_Hoff_L1_2006.csv;C:\Users\andrigun\Dropbox\Verkefni\ICE-GAWS-Processing\data\vatnajokull\vatnajokull_Hoffelsjokull_Hoff\L1;vatnajokull;Hoffelsjokull;Hoff;2006;
ICE-GAWS_Hoff_L1_2007.csv;C:\Users\andrigun\Dropbox\Verkefni\ICE-GAWS-Processing\data\vatnajokull\vatnajokull_Hoffelsjokull_Hoff\L1;vatnajokull;Hoffelsjokull;Hoff;2007;
ICE-GAWS_Hoff_L1_2008.csv;C:\Users\andrigun\Dropbox\Verkefni\ICE-GAWS-Processing\data\vatnajokull\vatnajokull_Hoffelsjokull_Hoff\L1;vatnajokull;Hoffelsjokull;Hoff;2008;
ICE-GAWS_Hoff_L1_2009.csv;C:\Users\andrigun\Dropbox\Verkefni\ICE-GAWS-Processing\data\vatnajokull\vatnajokull_Hoffelsjokull_Hoff\L1;vatnajokull;Hoffelsjokull;Hoff;2009;
ICE-GAWS_Hoff_L1_2010.csv;C:\Users\andrigun\Dropbox\Verkefni\ICE-GAWS-Processing\data\vatnajokull\vatnajokull_Hoffelsjokull_Hoff\L1;vatnajokull;Hoffelsjokull;Hoff;2010;
ICE-GAWS_Hoff_L1_2011.csv;C:\Users\andrigun\Dropbox\Verkefni\ICE-GAWS-Processing\data\vatnajokull\vatnajokull_Hoffelsjokull_Hoff\L1;vatnajokull;Hoffelsjokull;Hoff;2011;
ICE-GAWS_Hoff_L1_2012.csv;C:\Users\andrigun\Dropbox\Verkefni\ICE-GAWS-Processing\data\vatnajokull\vatnajokull_Hoffelsjokull_Hoff\L1;vatnajokull;Hoffelsjokull;Hoff;2012;
ICE-GAWS_Hoff_L1_2013.csv;C:\Users\andrigun\Dropbox\Verkefni\ICE-GAWS-Processing\data\vatnajokull\vatnajokull_Hoffelsjokull_Hoff\L1;vatnajokull;Hoffelsjokull;Hoff;2013;
ICE-GAWS_Hoff_L1_2014.csv;C:\Users\andrigun\Dropbox\Verkefni\ICE-GAWS-Processing\data\vatnajokull\vatnajokull_Hoffelsjokull_Hoff\L1;vatnajokull;Hoffelsjokull;Hoff;2014;
ICE-GAWS_Hoff_L1_2015.csv;C:\Users\andrigun\Dropbox\Verkefni\ICE-GAWS-Processing\data\vatnajokull\vatnajokull_Hoffelsjokull_Hoff\L1;vatnajokull;Hoffelsjokull;Hoff;2015;
ICE-GAWS_Hosp_L1_2002.csv;C:\Users\andrigun\Dropbox\Verkefni\ICE-GAWS-Processing\data\vatnajokull\vatnajokull_Hoffelsjokull_Hosp\L1;vatnajokull;Hoffelsjokull;Hosp;2002;
ICE-GAWS_Hosp_L1_2003.csv;C:\Users\andrigun\Dropbox\Verkefni\ICE-GAWS-Processing\data\vatnajokull\vatnajokull_Hoffelsjokull_Hosp\L1;vatnajokull;Hoffelsjokull;Hosp;2003;
ICE-GAWS_Hosp_L1_2004.csv;C:\Users\andrigun\Dropbox\Verkefni\ICE-GAWS-Processing\data\vatnajokull\vatnajokull_Hoffelsjokull_Hosp\L1;vatnajokull;Hoffelsjokull;Hosp;2004;
ICE-GAWS_Hosp_L1_2005.csv;C:\Users\andrigun\Dropbox\Verkefni\ICE-GAWS-Processing\data\vatnajokull\vatnajokull_Hoffelsjokull_Hosp\L1;vatnajokull;Hoffelsjokull;Hosp;2005;
ICE-GAWS_Hosp_L1_2006.csv;C:\Users\andrigun\Dropbox\Verkefni\ICE-GAWS-Processing\data\vatnajokull\vatnajokull_Hoffelsjokull_Hosp\L1;vatnajokull;Hoffelsjokull;Hosp;2006;
ICE-GAWS_Hosp_L1_2007.csv;C:\Users\andrigun\Dropbox\Verkefni\ICE-GAWS-Processing\data\vatnajokull\vatnajokull_Hoffelsjokull_Hosp\L1;vatnajokull;Hoffelsjokull;Hosp;2007;
ICE-GAWS_Hosp_L1_2008.csv;C:\Users\andrigun\Dropbox\Verkefni\ICE-GAWS-Processing\data\vatnajokull\vatnajokull_Hoffelsjokull_Hosp\L1;vatnajokull;Hoffelsjokull;Hosp;2008;
ICE-GAWS_Hosp_L1_2009.csv;C:\Users\andrigun\Dropbox\Verkefni\ICE-GAWS-Processing\data\vatnajokull\vatnajokull_Hoffelsjokull_Hosp\L1;vatnajokull;Hoffelsjokull;Hosp;2009;
ICE-GAWS_Hosp_L1_2010.csv;C:\Users\andrigun\Dropbox\Verkefni\ICE-GAWS-Processing\data\vatnajokull\vatnajokull_Hoffelsjokull_Hosp\L1;vatnajokull;Hoffelsjokull;Hosp;2010;
ICE-GAWS_Hosp_L1_2011.csv;C:\Users\andrigun\Dropbox\Verkefni\ICE-GAWS-Processing\data\vatnajokull\vatnajokull_Hoffelsjokull_Hosp\L1;vatnajokull;Hoffelsjokull;Hosp;2011;
ICE-GAWS_Ske02_L1_2017.csv;C:\Users\andrigun\Dropbox\Verkefni\ICE-GAWS-Processing\data\vatnajokull\vatnajokull_Skeidararjokull_Ske02\L1;vatnajokull;Skeidararjokull;Ske02;2017;
ICE-GAWS_T01_L1_1999.csv;C:\Users\andrigun\Dropbox\Verkefni\ICE-GAWS-Processing\data\vatnajokull\vatnajokull_Tungnaarjokull_T01\L1;vatnajokull;Tungnaarjokull;T01;1999;
ICE-GAWS_T01_L1_2000.csv;C:\Users\andrigun\Dropbox\Verkefni\ICE-GAWS-Processing\data\vatnajokull\vatnajokull_Tungnaarjokull_T01\L1;vatnajokull;Tungnaarjokull;T01;2000;
ICE-GAWS_T01_L1_2017.csv;C:\Users\andrigun\Dropbox\Verkefni\ICE-GAWS-Processing\data\vatnajokull\vatnajokull_Tungnaarjokull_T01\L1;vatnajokull;Tungnaarjokull;T01;2017;
ICE-GAWS_T01_L1_2018.csv;C:\Users\andrigun\Dropbox\Verkefni\ICE-GAWS-Processing\data\vatnajokull\vatnajokull_Tungnaarjokull_T01\L1;vatnajokull;Tungnaarjokull;T01;2018;
ICE-GAWS_T01_L1_2019.csv;C:\Users\andrigun\Dropbox\Verkefni\ICE-GAWS-Processing\data\vatnajokull\vatnajokull_Tungnaarjokull_T01\L1;vatnajokull;Tungnaarjokull;T01;2019;
ICE-GAWS_T01_L1_2020.csv;C:\Users\andrigun\Dropbox\Verkefni\ICE-GAWS-Processing\data\vatnajokull\vatnajokull_Tungnaarjokull_T01\L1;vatnajokull;Tungnaarjokull;T01;2020;
ICE-GAWS_T01_L1_2021.csv;C:\Users\andrigun\Dropbox\Verkefni\ICE-GAWS-Processing\data\vatnajokull\vatnajokull_Tungnaarjokull_T01\L1;vatnajokull;Tungnaarjokull;T01;2021;
ICE-GAWS_T01_L1_2022.csv;C:\Users\andrigun\Dropbox\Verkefni\ICE-GAWS-Processing\data\vatnajokull\vatnajokull_Tungnaarjokull_T01\L1;vatnajokull;Tungnaarjokull;T01;2022;
ICE-GAWS_T03_L1_1998.csv;C:\Users\andrigun\Dropbox\Verkefni\ICE-GAWS-Processing\data\vatnajokull\vatnajokull_Tungnaarjokull_T03\L1;vatnajokull;Tungnaarjokull;T03;1998;
ICE-GAWS_T03_L1_1999.csv;C:\Users\andrigun\Dropbox\Verkefni\ICE-GAWS-Processing\data\vatnajokull\vatnajokull_Tungnaarjokull_T03\L1;vatnajokull;Tungnaarjokull;T03;1999;
ICE-GAWS_T03_L1_2000.csv;C:\Users\andrigun\Dropbox\Verkefni\ICE-GAWS-Processing\data\vatnajokull\vatnajokull_Tungnaarjokull_T03\L1;vatnajokull;Tungnaarjokull;T03;2000;
ICE-GAWS_T03_L1_2001.csv;C:\Users\andrigun\Dropbox\Verkefni\ICE-GAWS-Processing\data\vatnajokull\vatnajokull_Tungnaarjokull_T03\L1;vatnajokull;Tungnaarjokull;T03;2001;
ICE-GAWS_T03_L1_2002.csv;C:\Users\andrigun\Dropbox\Verkefni\ICE-GAWS-Processing\data\vatnajokull\vatnajokull_Tungnaarjokull_T03\L1;vatnajokull;Tungnaarjokull;T03;2002;
ICE-GAWS_T03_L1_2003.csv;C:\Users\andrigun\Dropbox\Verkefni\ICE-GAWS-Processing\data\vatnajokull\vatnajokull_Tungnaarjokull_T03\L1;vatnajokull;Tungnaarjokull;T03;2003;
ICE-GAWS_T03_L1_2004.csv;C:\Users\andrigun\Dropbox\Verkefni\ICE-GAWS-Processing\data\vatnajokull\vatnajokull_Tungnaarjokull_T03\L1;vatnajokull;Tungnaarjokull;T03;2004;
ICE-GAWS_T03_L1_2005.csv;C:\Users\andrigun\Dropbox\Verkefni\ICE-GAWS-Processing\data\vatnajokull\vatnajokull_Tungnaarjokull_T03\L1;vatnajokull;Tungnaarjokull;T03;2005;
ICE-GAWS_T03_L1_2006.csv;C:\Users\andrigun\Dropbox\Verkefni\ICE-GAWS-Processing\data\vatnajokull\vatnajokull_Tungnaarjokull_T03\L1;vatnajokull;Tungnaarjokull;T03;2006;
ICE-GAWS_T03_L1_2007.csv;C:\Users\andrigun\Dropbox\Verkefni\ICE-GAWS-Processing\data\vatnajokull\vatnajokull_Tungnaarjokull_T03\L1;vatnajokull;Tungnaarjokull;T03;2007;
ICE-GAWS_T03_L1_2008.csv;C:\Users\andrigun\Dropbox\Verkefni\ICE-GAWS-Processing\data\vatnajokull\vatnajokull_Tungnaarjokull_T03\L1;vatnajokull;Tungnaarjokull;T03;2008;
ICE-GAWS_T03_L1_2009.csv;C:\Users\andrigun\Dropbox\Verkefni\ICE-GAWS-Processing\data\vatnajokull\vatnajokull_Tungnaarjokull_T03\L1;vatnajokull;Tungnaarjokull;T03;2009;
ICE-GAWS_T03_L1_2010.csv;C:\Users\andrigun\Dropbox\Verkefni\ICE-GAWS-Processing\data\vatnajokull\vatnajokull_Tungnaarjokull_T03\L1;vatnajokull;Tungnaarjokull;T03;2010;
ICE-GAWS_T03_L1_2011.csv;C:\Users\andrigun\Dropbox\Verkefni\ICE-GAWS-Processing\data\vatnajokull\vatnajokull_Tungnaarjokull_T03\L1;vatnajokull;Tungnaarjokull;T03;2011;
ICE-GAWS_T03_L1_2012.csv;C:\Users\andrigun\Dropbox\Verkefni\ICE-GAWS-Processing\data\vatnajokull\vatnajokull_Tungnaarjokull_T03\L1;vatnajokull;Tungnaarjokull;T03;2012;
ICE-GAWS_T03_L1_2013.csv;C:\Users\andrigun\Dropbox\Verkefni\ICE-GAWS-Processing\data\vatnajokull\vatnajokull_Tungnaarjokull_T03\L1;vatnajokull;Tungnaarjokull;T03;2013;
ICE-GAWS_T03_L1_2014.csv;C:\Users\andrigun\Dropbox\Verkefni\ICE-GAWS-Processing\data\vatnajokull\vatnajokull_Tungnaarjokull_T03\L1;vatnajokull;Tungnaarjokull;T03;2014;
ICE-GAWS_T03_L1_2015.csv;C:\Users\andrigun\Dropbox\Verkefni\ICE-GAWS-Processing\data\vatnajokull\vatnajokull_Tungnaarjokull_T03\L1;vatnajokull;Tungnaarjokull;T03;2015;
ICE-GAWS_T03_L1_2016.csv;C:\Users\andrigun\Dropbox\Verkefni\ICE-GAWS-Processing\data\vatnajokull\vatnajokull_Tungnaarjokull_T03\L1;vatnajokull;Tungnaarjokull;T03;2016;
ICE-GAWS_T03_L1_2017.csv;C:\Users\andrigun\Dropbox\Verkefni\ICE-GAWS-Processing\data\vatnajokull\vatnajokull_Tungnaarjokull_T03\L1;vatnajokull;Tungnaarjokull;T03;2017;
ICE-GAWS_T03_L1_2018.csv;C:\Users\andrigun\Dropbox\Verkefni\ICE-GAWS-Processing\data\vatnajokull\vatnajokull_Tungnaarjokull_T03\L1;vatnajokull;Tungnaarjokull;T03;2018;
ICE-GAWS_T03_L1_2019.csv;C:\Users\andrigun\Dropbox\Verkefni\ICE-GAWS-Processing\data\vatnajokull\vatnajokull_Tungnaarjokull_T03\L1;vatnajokull;Tungnaarjokull;T03;2019;
ICE-GAWS_T03_L1_2020.csv;C:\Users\andrigun\Dropbox\Verkefni\ICE-GAWS-Processing\data\vatnajokull\vatnajokull_Tungnaarjokull_T03\L1;vatnajokull;Tungnaarjokull;T03;2020;
ICE-GAWS_T03_L1_2021.csv;C:\Users\andrigun\Dropbox\Verkefni\ICE-GAWS-Processing\data\vatnajokull\vatnajokull_Tungnaarjokull_T03\L1;vatnajokull;Tungnaarjokull;T03;2021;
ICE-GAWS_T03_L1_2022.csv;C:\Users\andrigun\Dropbox\Verkefni\ICE-GAWS-Processing\data\vatnajokull\vatnajokull_Tungnaarjokull_T03\L1;vatnajokull;Tungnaarjokull;T03;2022;
ICE-GAWS_T06_L1_1998.csv;C:\Users\andrigun\Dropbox\Verkefni\ICE-GAWS-Processing\data\vatnajokull\vatnajokull_Tungnaarjokull_T06\L1;vatnajokull;Tungnaarjokull;T06;1998;
ICE-GAWS_T06_L1_1999.csv;C:\Users\andrigun\Dropbox\Verkefni\ICE-GAWS-Processing\data\vatnajokull\vatnajokull_Tungnaarjokull_T06\L1;vatnajokull;Tungnaarjokull;T06;1999;
ICE-GAWS_T06_L1_2000.csv;C:\Users\andrigun\Dropbox\Verkefni\ICE-GAWS-Processing\data\vatnajokull\vatnajokull_Tungnaarjokull_T06\L1;vatnajokull;Tungnaarjokull;T06;2000;
ICE-GAWS_T06_L1_2001.csv;C:\Users\andrigun\Dropbox\Verkefni\ICE-GAWS-Processing\data\vatnajokull\vatnajokull_Tungnaarjokull_T06\L1;vatnajokull;Tungnaarjokull;T06;2001;
ICE-GAWS_T06_L1_2002.csv;C:\Users\andrigun\Dropbox\Verkefni\ICE-GAWS-Processing\data\vatnajokull\vatnajokull_Tungnaarjokull_T06\L1;vatnajokull;Tungnaarjokull;T06;2002;
ICE-GAWS_T06_L1_2003.csv;C:\Users\andrigun\Dropbox\Verkefni\ICE-GAWS-Processing\data\vatnajokull\vatnajokull_Tungnaarjokull_T06\L1;vatnajokull;Tungnaarjokull;T06;2003;
ICE-GAWS_T06_L1_2004.csv;C:\Users\andrigun\Dropbox\Verkefni\ICE-GAWS-Processing\data\vatnajokull\vatnajokull_Tungnaarjokull_T06\L1;vatnajokull;Tungnaarjokull;T06;2004;
ICE-GAWS_T06_L1_2005.csv;C:\Users\andrigun\Dropbox\Verkefni\ICE-GAWS-Processing\data\vatnajokull\vatnajokull_Tungnaarjokull_T06\L1;vatnajokull;Tungnaarjokull;T06;2005;
ICE-GAWS_T06_L1_2006.csv;C:\Users\andrigun\Dropbox\Verkefni\ICE-GAWS-Processing\data\vatnajokull\vatnajokull_Tungnaarjokull_T06\L1;vatnajokull;Tungnaarjokull;T06;2006;
ICE-GAWS_T06_L1_2007.csv;C:\Users\andrigun\Dropbox\Verkefni\ICE-GAWS-Processing\data\vatnajokull\vatnajokull_Tungnaarjokull_T06\L1;vatnajokull;Tungnaarjokull;T06;2007;
ICE-GAWS_T06_L1_2008.csv;C:\Users\andrigun\Dropbox\Verkefni\ICE-GAWS-Processing\data\vatnajokull\vatnajokull_Tungnaarjokull_T06\L1;vatnajokull;Tungnaarjokull;T06;2008;
ICE-GAWS_T06_L1_2009.csv;C:\Users\andrigun\Dropbox\Verkefni\ICE-GAWS-Processing\data\vatnajokull\vatnajokull_Tungnaarjokull_T06\L1;vatnajokull;Tungnaarjokull;T06;2009;
ICE-GAWS_T06_L1_2010.csv;C:\Users\andrigun\Dropbox\Verkefni\ICE-GAWS-Processing\data\vatnajokull\vatnajokull_Tungnaarjokull_T06\L1;vatnajokull;Tungnaarjokull;T06;2010;
ICE-GAWS_T06_L1_2011.csv;C:\Users\andrigun\Dropbox\Verkefni\ICE-GAWS-Processing\data\vatnajokull\vatnajokull_Tungnaarjokull_T06\L1;vatnajokull;Tungnaarjokull;T06;2011;
ICE-GAWS_T06_L1_2012.csv;C:\Users\andrigun\Dropbox\Verkefni\ICE-GAWS-Processing\data\vatnajokull\vatnajokull_Tungnaarjokull_T06\L1;vatnajokull;Tungnaarjokull;T06;2012;
ICE-GAWS_T06_L1_2013.csv;C:\Users\andrigun\Dropbox\Verkefni\ICE-GAWS-Processing\data\vatnajokull\vatnajokull_Tungnaarjokull_T06\L1;vatnajokull;Tungnaarjokull;T06;2013;
ICE-GAWS_T06_L1_2014.csv;C:\Users\andrigun\Dropbox\Verkefni\ICE-GAWS-Processing\data\vatnajokull\vatnajokull_Tungnaarjokull_T06\L1;vatnajokull;Tungnaarjokull;T06;2014;
ICE-GAWS_T06_L1_2015.csv;C:\Users\andrigun\Dropbox\Verkefni\ICE-GAWS-Processing\data\vatnajokull\vatnajokull_Tungnaarjokull_T06\L1;vatnajokull;Tungnaarjokull;T06;2015;
ICE-GAWS_T06_L1_2016.csv;C:\Users\andrigun\Dropbox\Verkefni\ICE-GAWS-Processing\data\vatnajokull\vatnajokull_Tungnaarjokull_T06\L1;vatnajokull;Tungnaarjokull;T06;2016;
ICE-GAWS_T06_L1_2017.csv;C:\Users\andrigun\Dropbox\Verkefni\ICE-GAWS-Processing\data\vatnajokull\vatnajokull_Tungnaarjokull_T06\L1;vatnajokull;Tungnaarjokull;T06;2017;
ICE-GAWS_T06_L1_2018.csv;C:\Users\andrigun\Dropbox\Verkefni\ICE-GAWS-Processing\data\vatnajokull\vatnajokull_Tungnaarjokull_T06\L1;vatnajokull;Tungnaarjokull;T06;2018;
ICE-GAWS_T06_L1_2019.csv;C:\Users\andrigun\Dropbox\Verkefni\ICE-GAWS-Processing\data\vatnajokull\vatnajokull_Tungnaarjokull_T06\L1;vatnajokull;Tungnaarjokull;T06;2019;
ICE-GAWS_T06_L1_2020.csv;C:\Users\andrigun\Dropbox\Verkefni\ICE-GAWS-Processing\data\vatnajokull\vatnajokull_Tungnaarjokull_T06\L1;vatnajokull;Tungnaarjokull;T06;2020;
ICE-GAWS_T06_L1_2021.csv;C:\Users\andrigun\Dropbox\Verkefni\ICE-GAWS-Processing\data\vatnajokull\vatnajokull_Tungnaarjokull_T06\L1;vatnajokull;Tungnaarjokull;T06;2021;
ICE-GAWS_T06_L1_2022.csv;C:\Users\andrigun\Dropbox\Verkefni\ICE-GAWS-Processing\data\vatnajokull\vatnajokull_Tungnaarjokull_T06\L1;vatnajokull;Tungnaarjokull;T06;2022;
ICE-GAWS_Bard_L1_2003.csv;C:\Users\andrigun\Dropbox\Verkefni\ICE-GAWS-Processing\data\vatnajokull\vatnajokull_bardarbunga_k06\L1;vatnajokull;bardarbunga;k06;2003;
ICE-GAWS_Bard_L1_2004.csv;C:\Users\andrigun\Dropbox\Verkefni\ICE-GAWS-Processing\data\vatnajokull\vatnajokull_bardarbunga_k06\L1;vatnajokull;bardarbunga;k06;2004;
ICE-GAWS_Bard_L1_2005.csv;C:\Users\andrigun\Dropbox\Verkefni\ICE-GAWS-Processing\data\vatnajokull\vatnajokull_bardarbunga_k06\L1;vatnajokull;bardarbunga;k06;2005;
ICE-GAWS_Bard_L1_2006.csv;C:\Users\andrigun\Dropbox\Verkefni\ICE-GAWS-Processing\data\vatnajokull\vatnajokull_bardarbunga_k06\L1;vatnajokull;bardarbunga;k06;2006;
ICE-GAWS_Bard_L1_2007.csv;C:\Users\andrigun\Dropbox\Verkefni\ICE-GAWS-Processing\data\vatnajokull\vatnajokull_bardarbunga_k06\L1;vatnajokull;bardarbunga;k06;2007;
ICE-GAWS_Bard_L1_2008.csv;C:\Users\andrigun\Dropbox\Verkefni\ICE-GAWS-Processing\data\vatnajokull\vatnajokull_bardarbunga_k06\L1;vatnajokull;bardarbunga;k06;2008;
ICE-GAWS_Bard_L1_2009.csv;C:\Users\andrigun\Dropbox\Verkefni\ICE-GAWS-Processing\data\vatnajokull\vatnajokull_bardarbunga_k06\L1;vatnajokull;bardarbunga;k06;2009;
ICE-GAWS_Bard_L1_2010.csv;C:\Users\andrigun\Dropbox\Verkefni\ICE-GAWS-Processing\data\vatnajokull\vatnajokull_bardarbunga_k06\L1;vatnajokull;bardarbunga;k06;2010;
ICE-GAWS_Bard_L1_2011.csv;C:\Users\andrigun\Dropbox\Verkefni\ICE-GAWS-Processing\data\vatnajokull\vatnajokull_bardarbunga_k06\L1;vatnajokull;bardarbunga;k06;2011;
ICE-GAWS_Bard_L1_2012.csv;C:\Users\andrigun\Dropbox\Verkefni\ICE-GAWS-Processing\data\vatnajokull\vatnajokull_bardarbunga_k06\L1;vatnajokull;bardarbunga;k06;2012;
ICE-GAWS_Bard_L1_2013.csv;C:\Users\andrigun\Dropbox\Verkefni\ICE-GAWS-Processing\data\vatnajokull\vatnajokull_bardarbunga_k06\L1;vatnajokull;bardarbunga;k06;2013;
ICE-GAWS_Bard_L1_2014.csv;C:\Users\andrigun\Dropbox\Verkefni\ICE-GAWS-Processing\data\vatnajokull\vatnajokull_bardarbunga_k06\L1;vatnajokull;bardarbunga;k06;2014;
ICE-GAWS_Bard_L1_2015.csv;C:\Users\andrigun\Dropbox\Verkefni\ICE-GAWS-Processing\data\vatnajokull\vatnajokull_bardarbunga_k06\L1;vatnajokull;bardarbunga;k06;2015;
ICE-GAWS_Bard_L1_2016.csv;C:\Users\andrigun\Dropbox\Verkefni\ICE-GAWS-Processing\data\vatnajokull\vatnajokull_bardarbunga_k06\L1;vatnajokull;bardarbunga;k06;2016;
ICE-GAWS_Bard_L1_2017.csv;C:\Users\andrigun\Dropbox\Verkefni\ICE-GAWS-Processing\data\vatnajokull\vatnajokull_bardarbunga_k06\L1;vatnajokull;bardarbunga;k06;2017;
ICE-GAWS_Bard_L1_2018.csv;C:\Users\andrigun\Dropbox\Verkefni\ICE-GAWS-Processing\data\vatnajokull\vatnajokull_bardarbunga_k06\L1;vatnajokull;bardarbunga;k06;2018;
ICE-GAWS_Breida_L1_1996.csv;C:\Users\andrigun\Dropbox\Verkefni\ICE-GAWS-Processing\data\vatnajokull\vatnajokull_breida\L1;vatnajokull;vatnajokull;breida;1996;
ICE-GAWS_Br01_L1_1995.csv;C:\Users\andrigun\Dropbox\Verkefni\ICE-GAWS-Processing\data\vatnajokull\vatnajokull_breidamerkurjokull_Br01\L1;vatnajokull;breidamerkurjokull;Br01;1995;
ICE-GAWS_Br01_L1_1996.csv;C:\Users\andrigun\Dropbox\Verkefni\ICE-GAWS-Processing\data\vatnajokull\vatnajokull_breidamerkurjokull_Br01\L1;vatnajokull;breidamerkurjokull;Br01;1996;
ICE-GAWS_Br01_L1_1997.csv;C:\Users\andrigun\Dropbox\Verkefni\ICE-GAWS-Processing\data\vatnajokull\vatnajokull_breidamerkurjokull_Br01\L1;vatnajokull;breidamerkurjokull;Br01;1997;
ICE-GAWS_Br01_L1_1998.csv;C:\Users\andrigun\Dropbox\Verkefni\ICE-GAWS-Processing\data\vatnajokull\vatnajokull_breidamerkurjokull_Br01\L1;vatnajokull;breidamerkurjokull;Br01;1998;
ICE-GAWS_Br01_L1_2000.csv;C:\Users\andrigun\Dropbox\Verkefni\ICE-GAWS-Processing\data\vatnajokull\vatnajokull_breidamerkurjokull_Br01\L1;vatnajokull;breidamerkurjokull;Br01;2000;
ICE-GAWS_Br01_L1_2002.csv;C:\Users\andrigun\Dropbox\Verkefni\ICE-GAWS-Processing\data\vatnajokull\vatnajokull_breidamerkurjokull_Br01\L1;vatnajokull;breidamerkurjokull;Br01;2002;
ICE-GAWS_Br01_L1_2003.csv;C:\Users\andrigun\Dropbox\Verkefni\ICE-GAWS-Processing\data\vatnajokull\vatnajokull_breidamerkurjokull_Br01\L1;vatnajokull;breidamerkurjokull;Br01;2003;
ICE-GAWS_Br01_L1_2004.csv;C:\Users\andrigun\Dropbox\Verkefni\ICE-GAWS-Processing\data\vatnajokull\vatnajokull_breidamerkurjokull_Br01\L1;vatnajokull;breidamerkurjokull;Br01;2004;
ICE-GAWS_Br01_L1_2005.csv;C:\Users\andrigun\Dropbox\Verkefni\ICE-GAWS-Processing\data\vatnajokull\vatnajokull_breidamerkurjokull_Br01\L1;vatnajokull;breidamerkurjokull;Br01;2005;
ICE-GAWS_Br01_L1_2006.csv;C:\Users\andrigun\Dropbox\Verkefni\ICE-GAWS-Processing\data\vatnajokull\vatnajokull_breidamerkurjokull_Br01\L1;vatnajokull;breidamerkurjokull;Br01;2006;
ICE-GAWS_Br01_L1_2007.csv;C:\Users\andrigun\Dropbox\Verkefni\ICE-GAWS-Processing\data\vatnajokull\vatnajokull_breidamerkurjokull_Br01\L1;vatnajokull;breidamerkurjokull;Br01;2007;
ICE-GAWS_Br01_L1_2008.csv;C:\Users\andrigun\Dropbox\Verkefni\ICE-GAWS-Processing\data\vatnajokull\vatnajokull_breidamerkurjokull_Br01\L1;vatnajokull;breidamerkurjokull;Br01;2008;
ICE-GAWS_Br01_L1_2009.csv;C:\Users\andrigun\Dropbox\Verkefni\ICE-GAWS-Processing\data\vatnajokull\vatnajokull_breidamerkurjokull_Br01\L1;vatnajokull;breidamerkurjokull;Br01;2009;
ICE-GAWS_Br01_L1_2010.csv;C:\Users\andrigun\Dropbox\Verkefni\ICE-GAWS-Processing\data\vatnajokull\vatnajokull_breidamerkurjokull_Br01\L1;vatnajokull;breidamerkurjokull;Br01;2010;
ICE-GAWS_Br01_L1_2011.csv;C:\Users\andrigun\Dropbox\Verkefni\ICE-GAWS-Processing\data\vatnajokull\vatnajokull_breidamerkurjokull_Br01\L1;vatnajokull;breidamerkurjokull;Br01;2011;
ICE-GAWS_Br01_L1_2012.csv;C:\Users\andrigun\Dropbox\Verkefni\ICE-GAWS-Processing\data\vatnajokull\vatnajokull_breidamerkurjokull_Br01\L1;vatnajokull;breidamerkurjokull;Br01;2012;
ICE-GAWS_Br01_L1_2013.csv;C:\Users\andrigun\Dropbox\Verkefni\ICE-GAWS-Processing\data\vatnajokull\vatnajokull_breidamerkurjokull_Br01\L1;vatnajokull;breidamerkurjokull;Br01;2013;
ICE-GAWS_Br01_L1_2014.csv;C:\Users\andrigun\Dropbox\Verkefni\ICE-GAWS-Processing\data\vatnajokull\vatnajokull_breidamerkurjokull_Br01\L1;vatnajokull;breidamerkurjokull;Br01;2014;
ICE-GAWS_Br01_L1_2015.csv;C:\Users\andrigun\Dropbox\Verkefni\ICE-GAWS-Processing\data\vatnajokull\vatnajokull_breidamerkurjokull_Br01\L1;vatnajokull;breidamerkurjokull;Br01;2015;
ICE-GAWS_Br01_L1_2016.csv;C:\Users\andrigun\Dropbox\Verkefni\ICE-GAWS-Processing\data\vatnajokull\vatnajokull_breidamerkurjokull_Br01\L1;vatnajokull;breidamerkurjokull;Br01;2016;
ICE-GAWS_Br01_L1_2017.csv;C:\Users\andrigun\Dropbox\Verkefni\ICE-GAWS-Processing\data\vatnajokull\vatnajokull_breidamerkurjokull_Br01\L1;vatnajokull;breidamerkurjokull;Br01;2017;
ICE-GAWS_Br01_L1_2018.csv;C:\Users\andrigun\Dropbox\Verkefni\ICE-GAWS-Processing\data\vatnajokull\vatnajokull_breidamerkurjokull_Br01\L1;vatnajokull;breidamerkurjokull;Br01;2018;
ICE-GAWS_Br04_L1_1996.csv;C:\Users\andrigun\Dropbox\Verkefni\ICE-GAWS-Processing\data\vatnajokull\vatnajokull_breidamerkurjokull_Br04\L1;vatnajokull;breidamerkurjokull;Br04;1996;
ICE-GAWS_Br04_L1_2012.csv;C:\Users\andrigun\Dropbox\Verkefni\ICE-GAWS-Processing\data\vatnajokull\vatnajokull_breidamerkurjokull_Br04\L1;vatnajokull;breidamerkurjokull;Br04;2012;
ICE-GAWS_Br04_L1_2013.csv;C:\Users\andrigun\Dropbox\Verkefni\ICE-GAWS-Processing\data\vatnajokull\vatnajokull_breidamerkurjokull_Br04\L1;vatnajokull;breidamerkurjokull;Br04;2013;
ICE-GAWS_Br04_L1_2014.csv;C:\Users\andrigun\Dropbox\Verkefni\ICE-GAWS-Processing\data\vatnajokull\vatnajokull_breidamerkurjokull_Br04\L1;vatnajokull;breidamerkurjokull;Br04;2014;
ICE-GAWS_Br04_L1_2015.csv;C:\Users\andrigun\Dropbox\Verkefni\ICE-GAWS-Processing\data\vatnajokull\vatnajokull_breidamerkurjokull_Br04\L1;vatnajokull;breidamerkurjokull;Br04;2015;
ICE-GAWS_Br04_L1_2016.csv;C:\Users\andrigun\Dropbox\Verkefni\ICE-GAWS-Processing\data\vatnajokull\vatnajokull_breidamerkurjokull_Br04\L1;vatnajokull;breidamerkurjokull;Br04;2016;
ICE-GAWS_Br04_L1_2017.csv;C:\Users\andrigun\Dropbox\Verkefni\ICE-GAWS-Processing\data\vatnajokull\vatnajokull_breidamerkurjokull_Br04\L1;vatnajokull;breidamerkurjokull;Br04;2017;
ICE-GAWS_Br04_L1_2018.csv;C:\Users\andrigun\Dropbox\Verkefni\ICE-GAWS-Processing\data\vatnajokull\vatnajokull_breidamerkurjokull_Br04\L1;vatnajokull;breidamerkurjokull;Br04;2018;
ICE-GAWS_Br07_L1_1996.csv;C:\Users\andrigun\Dropbox\Verkefni\ICE-GAWS-Processing\data\vatnajokull\vatnajokull_breidamerkurjokull_Br07\L1;vatnajokull;breidamerkurjokull;Br07;1996;
ICE-GAWS_Br07_L1_2016.csv;C:\Users\andrigun\Dropbox\Verkefni\ICE-GAWS-Processing\data\vatnajokull\vatnajokull_breidamerkurjokull_Br07\L1;vatnajokull;breidamerkurjokull;Br07;2016;
ICE-GAWS_Br07_L1_2017.csv;C:\Users\andrigun\Dropbox\Verkefni\ICE-GAWS-Processing\data\vatnajokull\vatnajokull_breidamerkurjokull_Br07\L1;vatnajokull;breidamerkurjokull;Br07;2017;
ICE-GAWS_Br07_L1_2018.csv;C:\Users\andrigun\Dropbox\Verkefni\ICE-GAWS-Processing\data\vatnajokull\vatnajokull_breidamerkurjokull_Br07\L1;vatnajokull;breidamerkurjokull;Br07;2018;
ICE-GAWS_BrMy_L1_1996.csv;C:\Users\andrigun\Dropbox\Verkefni\ICE-GAWS-Processing\data\vatnajokull\vatnajokull_breidamerkurjokull_BrMy\L1;vatnajokull;breidamerkurjokull;BrMy;1996;
ICE-GAWS_BrMy_L1_2013.csv;C:\Users\andrigun\Dropbox\Verkefni\ICE-GAWS-Processing\data\vatnajokull\vatnajokull_breidamerkurjokull_BrMy\L1;vatnajokull;breidamerkurjokull;BrMy;2013;
ICE-GAWS_BrMy_L1_2014.csv;C:\Users\andrigun\Dropbox\Verkefni\ICE-GAWS-Processing\data\vatnajokull\vatnajokull_breidamerkurjokull_BrMy\L1;vatnajokull;breidamerkurjokull;BrMy;2014;
ICE-GAWS_BrMy_L1_2015.csv;C:\Users\andrigun\Dropbox\Verkefni\ICE-GAWS-Processing\data\vatnajokull\vatnajokull_breidamerkurjokull_BrMy\L1;vatnajokull;breidamerkurjokull;BrMy;2015;
ICE-GAWS_BrMy_L1_2016.csv;C:\Users\andrigun\Dropbox\Verkefni\ICE-GAWS-Processing\data\vatnajokull\vatnajokull_breidamerkurjokull_BrMy\L1;vatnajokull;breidamerkurjokull;BrMy;2016;
ICE-GAWS_BrMy_L1_2017.csv;C:\Users\andrigun\Dropbox\Verkefni\ICE-GAWS-Processing\data\vatnajokull\vatnajokull_breidamerkurjokull_BrMy\L1;vatnajokull;breidamerkurjokull;BrMy;2017;
ICE-GAWS_BrMy_L1_2018.csv;C:\Users\andrigun\Dropbox\Verkefni\ICE-GAWS-Processing\data\vatnajokull\vatnajokull_breidamerkurjokull_BrMy\L1;vatnajokull;breidamerkurjokull;BrMy;2018;
ICE-GAWS_Budir_L1_1996.csv;C:\Users\andrigun\Dropbox\Verkefni\ICE-GAWS-Processing\data\vatnajokull\vatnajokull_bruarjokull_budir\L1;vatnajokull;bruarjokull;budir;1996;
ICE-GAWS_DynNe_L1_1996.csv;C:\Users\andrigun\Dropbox\Verkefni\ICE-GAWS-Processing\data\vatnajokull\vatnajokull_dyngjujokull_DynNe\L1;vatnajokull;dyngjujokull;DynNe;1996;
ICE-GAWS_Dyn_L1_1996.csv;C:\Users\andrigun\Dropbox\Verkefni\ICE-GAWS-Processing\data\vatnajokull\vatnajokull_dyngjujokull_Dyn\L1;vatnajokull;dyngjujokull;Dyn;1996;
ICE-GAWS_Dyn_L1_1998.csv;C:\Users\andrigun\Dropbox\Verkefni\ICE-GAWS-Processing\data\vatnajokull\vatnajokull_dyngjujokull_Dyn\L1;vatnajokull;dyngjujokull;Dyn;1998;
ICE-GAWS_E01_L1_2019.csv;C:\Users\andrigun\Dropbox\Verkefni\ICE-GAWS-Processing\data\vatnajokull\vatnajokull_eyjabakkajokull_E01\L1;vatnajokull;eyjabakkajokull;E01;2019;
ICE-GAWS_E01_L1_2020.csv;C:\Users\andrigun\Dropbox\Verkefni\ICE-GAWS-Processing\data\vatnajokull\vatnajokull_eyjabakkajokull_E01\L1;vatnajokull;eyjabakkajokull;E01;2020;
ICE-GAWS_E03_L1_2019.csv;C:\Users\andrigun\Dropbox\Verkefni\ICE-GAWS-Processing\data\vatnajokull\vatnajokull_eyjabakkajokull_E03\L1;vatnajokull;eyjabakkajokull;E03;2019;
ICE-GAWS_E03_L1_2020.csv;C:\Users\andrigun\Dropbox\Verkefni\ICE-GAWS-Processing\data\vatnajokull\vatnajokull_eyjabakkajokull_E03\L1;vatnajokull;eyjabakkajokull;E03;2020;
ICE-GAWS_Gaes_L1_2003.csv;C:\Users\andrigun\Dropbox\Verkefni\ICE-GAWS-Processing\data\vatnajokull\vatnajokull_gaesaheidi_Gaes\L1;vatnajokull;gaesaheidi;Gaes;2003;
ICE-GAWS_Gaes_L1_2004.csv;C:\Users\andrigun\Dropbox\Verkefni\ICE-GAWS-Processing\data\vatnajokull\vatnajokull_gaesaheidi_Gaes\L1;vatnajokull;gaesaheidi;Gaes;2004;
ICE-GAWS_Gaes_L1_2005.csv;C:\Users\andrigun\Dropbox\Verkefni\ICE-GAWS-Processing\data\vatnajokull\vatnajokull_gaesaheidi_Gaes\L1;vatnajokull;gaesaheidi;Gaes;2005;
ICE-GAWS_Gaes_L1_2006.csv;C:\Users\andrigun\Dropbox\Verkefni\ICE-GAWS-Processing\data\vatnajokull\vatnajokull_gaesaheidi_Gaes\L1;vatnajokull;gaesaheidi;Gaes;2006;
ICE-GAWS_Kokv_L1_1996.csv;C:\Users\andrigun\Dropbox\Verkefni\ICE-GAWS-Processing\data\vatnajokull\vatnajokull_koldukvilslarjokull_Kokv\L1;vatnajokull;koldukvilslarjokull;Kokv;1996;1
ICE-GAWS_Kokv_L1_1997.csv;C:\Users\andrigun\Dropbox\Verkefni\ICE-GAWS-Processing\data\vatnajokull\vatnajokull_koldukvilslarjokull_Kokv\L1;vatnajokull;koldukvilslarjokull;Kokv;1997;
ICE-GAWS_Kokv_L1_1998.csv;C:\Users\andrigun\Dropbox\Verkefni\ICE-GAWS-Processing\data\vatnajokull\vatnajokull_koldukvilslarjokull_Kokv\L1;vatnajokull;koldukvilslarjokull;Kokv;1998;
ICE-GAWS_Kokv_L1_1999.csv;C:\Users\andrigun\Dropbox\Verkefni\ICE-GAWS-Processing\data\vatnajokull\vatnajokull_koldukvilslarjokull_Kokv\L1;vatnajokull;koldukvilslarjokull;Kokv;1999;
ICE-GAWS_Kokv_L1_2000.csv;C:\Users\andrigun\Dropbox\Verkefni\ICE-GAWS-Processing\data\vatnajokull\vatnajokull_koldukvilslarjokull_Kokv\L1;vatnajokull;koldukvilslarjokull;Kokv;2000;
ICE-GAWS_Mariutungur_L1_1997.csv;C:\Users\andrigun\Dropbox\Verkefni\ICE-GAWS-Processing\data\vatnajokull\vatnajokull_mariutungur\L1;vatnajokull;vatnajokull;mariutungur;1997;1
ICE-GAWS_Skal_L1_1995.csv;C:\Users\andrigun\Dropbox\Verkefni\ICE-GAWS-Processing\data\vatnajokull\vatnajokull_skalafellsjokull_Skal\L1;vatnajokull;skalafellsjokull;Skal;1995;
ICE-GAWS_Skal_L1_1996.csv;C:\Users\andrigun\Dropbox\Verkefni\ICE-GAWS-Processing\data\vatnajokull\vatnajokull_skalafellsjokull_Skal\L1;vatnajokull;skalafellsjokull;Skal;1996;
ICE-GAWS_Skal_L1_1997.csv;C:\Users\andrigun\Dropbox\Verkefni\ICE-GAWS-Processing\data\vatnajokull\vatnajokull_skalafellsjokull_Skal\L1;vatnajokull;skalafellsjokull;Skal;1997;
ICE-GAWS_Hol_L1_1996.csv;C:\Users\andrigun\Dropbox\Verkefni\ICE-GAWS-Processing\data\vatnajokull\vatnajÃ¶kull_Holuhraun\L1;vatnajÃ¶kull;vatnajÃ¶kull;Holuhraun;1996;
